prices,latitudes,longitudes,metro_stations,areas,floors,min_books
215000,55.556721788413476,37.51081236705443,"[['ѕотапово', '11Ц15'], ['”лица √орчаковаот', '31'], ['Ѕунинска€ алле€от', '31']]",95.7,1,11 мес.
250000,55.733609,37.591692,"[['ѕарк культурыдо', '5'], ['‘рунзенска€', '11Ц15'], ['ќкт€брьска€', '16Ц20']]",52,1,11 мес.
330000,55.723876,37.777149,"[['ќкска€', '6Ц10'], ['ѕлющево', '11Ц15'], ['¬ешн€ки', '16Ц20']]",100,1,11 мес.
210000,55.789492,37.655787,"[[' расносельска€', '16Ц20'], ['–ижска€', '21Ц30'], ['ћитьково', '21Ц30']]",84,1,11 мес.
108800,55.745199,37.664743,"[['ћарксистска€', '6Ц10'], ['“аганска€', '11Ц15'], ['ѕлощадь »льича', '11Ц15']]",59.3,4,11 мес.
77140,55.917036,37.562263,"[['‘изтех', '21Ц30'], ['ћаркот', '31'], ['Ќоводачна€от', '31']]",53.2,2,11 мес.
10000,55.8584324765869,37.5770033380439,"[['ƒегунино', '11Ц15'], ['¬ерхние Ћихоборы', '21Ц30'], ['ќкружна€', '21Ц30']]",68,2,1 мес.
270000,55.643988,37.543192,"[['Ѕел€ево', '11Ц15'], [' алужска€', '16Ц20'], ['¬оронцовска€', '21Ц30']]",68.4,1,11 мес.
100000,55.712183,37.683778,"[['ƒубровка', '6Ц10'], [' ожуховска€', '6Ц10'], ['”грешска€', '11Ц15']]",99,2,11 мес.
171500,55.823707,37.500423,"[['Ѕалтийска€', '6Ц10'], ['¬ойковска€', '6Ц10'], ['—трешнево', '16Ц20']]",73.4,1,1 мес.
105666,55.662882,37.48561,"[['ёго-«ападна€до', '5'], ['“ропарЄво', '21Ц30'], ['ѕроспект ¬ернадского', '21Ц30']]",63.4,2,11 мес.
290000,55.74819946,37.79834747,"[['ѕерово', '11Ц15'], [' усково', '16Ц20'], ['Ќовогиреево', '16Ц20']]",83,1,11 мес.
110000,55.650267,37.635332,"[[' аширска€', '21Ц30'], ['¬аршавска€от', '31'], [' антемировска€от', '31']]",50.5,1,11 мес.
235000,55.728439,37.765103,"[['„ухлинка', '6Ц10'], ['ѕлющево', '6Ц10'], ['—тахановска€', '11Ц15']]",50,1,11 мес.
175000,55.544427487734154,37.47787088095091,"[['ѕотапово', '21Ц30'], ['Ќовомосковска€от', '31'], ['Ѕунинска€ алле€от', '31']]",76.1,1,11 мес.
220000,55.73974609,37.670681,"[['ћарксистска€', '11Ц15'], ['ѕлощадь »льича', '11Ц15'], [' ресть€нска€ застава', '11Ц15']]",70,1,11 мес.
15000,55.57736873733601,37.630217428913426,"[['Ѕитцаот', '31'], [' расный —троительот', '31'], ['јнниноот', '31']]",100,1,1 мес.
160000,55.73974609,37.670681,"[['ћарксистска€', '11Ц15'], ['ѕлощадь »льича', '11Ц15'], [' ресть€нска€ застава', '11Ц15']]",50,1,11 мес.
78000,55.756376,37.750227,"[['Ўоссе Ёнтузиастовдо', '5'], ['—околина€ гора', '21Ц30'], ['јвиамоторна€', '21Ц30']]",54.7,2,11 мес.
176000,55.694434,37.614132,"[['¬ерхние котлы', '6Ц10'], [' рымска€', '11Ц15'], ['Ќагатинска€', '16Ц20']]",88,1,11 мес.
170000,55.825113,37.571228,"[['“имир€зевска€', '6Ц10'], ['ѕетровско-–азумовска€', '11Ц15'], ['‘онвизинска€', '11Ц15']]",57,1,11 мес.
120000,55.63667074151568,37.652666673610646,"[[' антемировска€до', '5'], ['÷арицыно', '21Ц30'], [' аширска€', '21Ц30']]",96,1,11 мес.
190000,55.69544710755564,37.57977959936544,"[['јкадемическа€', '11Ц15'], ['ѕлощадь √агарина', '16Ц20'], ['Ћенинский проспект', '16Ц20']]",75,1,11 мес.
97500,55.810205101196956,37.71476122699934,"[['Ѕульвар –окоссовского', '16Ц20'], ['ѕреображенска€ площадь', '16Ц20'], ['„еркизовска€от', '31']]",50,1,11 мес.
80000,55.811806,37.82591,"[['ўЄлковска€', '21Ц30'], ['ѕервомайска€от', '31']]",78,,11 мес.
688000,55.765083,37.655526,"[[' расные ворота', '6Ц10'], [' урска€', '6Ц10'], ['„каловска€', '11Ц15']]",86,1,11 мес.
120000,55.837166,37.382959,"[['¬олоколамска€до', '5'], ['“рикотажна€', '11Ц15'], ['ћитино', '16Ц20']]",85,1,11 мес.
450000,55.796046,37.562317,"[['ѕетровский парк', '6Ц10'], ['ƒинамо', '6Ц10'], ['√ражданска€', '16Ц20']]",80.6,1,11 мес.
50000,55.772806,37.683167,"[['Ѕауманска€до', '5'], [' расносельска€', '16Ц20'], ['ћитьково', '21Ц30']]",68,,11 мес.
250000,55.698447,37.630903,"[['«»Ћ', '16Ц20'], ['“ульска€', '21Ц30'], ['јвтозаводска€', '21Ц30']]",60.2,1,11 мес.
340000,55.71124,37.612182,"[['“ульска€', '6Ц10'], ['Ўаболовска€', '11Ц15'], ['ѕлощадь √агарина', '21Ц30']]",80,1,11 мес.
145000,55.54344,37.482268,"[['ѕотапово', '16Ц20'], ['Ќовомосковска€от', '31'], ['Ѕунинска€ алле€от', '31']]",50,1,60 мес.
370000,55.58622742,37.59672165,"[['јннинодо', '5'], ['”лица академика янгел€', '11Ц15'], [' расный —троитель', '16Ц20']]",86,1,11 мес.
130000,55.67201614,37.63162994,"[['Ќагатинска€', '16Ц20'], ['Ќагорна€', '21Ц30'], ['Ќахимовский проспект', '21Ц30']]",53,5,11 мес.
160000,55.800145,37.515371,"[['—окол', '6Ц10'], ['јэропорт', '11Ц15'], ['ѕанфиловска€', '11Ц15']]",77,,12 мес.
210000,55.72637,37.751996,"[['—тахановска€до', '5'], ['„ухлинка', '16Ц20'], ['ѕерово', '16Ц20']]",75.3,1,11 мес.
133650,55.810208,37.509703,"[['—окол', '6Ц10'], ['¬ойковска€', '16Ц20'], [' расный Ѕалтиец', '21Ц30']]",59.4,1,11 мес.
125000,55.540179474617716,37.48264579363108,"[['ѕотапово', '21Ц30'], ['Ѕунинска€ алле€', '21Ц30'], ['Ќовомосковска€от', '31']]",67.1,1,11 мес.
80000,55.8992157,37.39094543,"[['ћолжаниновоот', '31']]",72,3,6 мес.
70000,55.77381516,37.48714447,"[['Ќародное ќполчениедо', '5'], ['’орошЄво', '16Ц20'], ['’орошЄвска€', '21Ц30']]",70,,11 мес.
153000,55.851874,37.638288,"[['Ѕотанический сад', '6Ц10'], ['—виблово', '11Ц15'], ['–остокиноот', '31']]",52.9,1,11 мес.
420000,55.773479,37.680823,"[['Ѕауманска€до', '5'], [' расносельска€', '16Ц20'], [' омсомольска€', '16Ц20']]",78,1,36 мес.
190000,55.69544710755564,37.57977959936544,"[['јкадемическа€', '11Ц15'], ['ѕлощадь √агарина', '16Ц20'], ['Ћенинский проспект', '16Ц20']]",75,1,11 мес.
290000,55.74819946,37.79834747,"[['ѕерово', '11Ц15'], [' усково', '16Ц20'], ['Ќовогиреево', '16Ц20']]",83,1,11 мес.
125000,55.76879883,37.58792877,"[['ћа€ковска€', '6Ц10'], ['Ѕелорусска€', '11Ц15'], ['Ѕаррикадна€', '11Ц15']]",50.9,,11 мес.
310000,55.84770966,37.37059021,"[['ћитино', '6Ц10'], ['ѕ€тницкое шоссе', '16Ц20'], ['¬олоколамска€', '21Ц30']]",94,1,11 мес.
160000,55.73974609,37.670681,"[['ћарксистска€', '11Ц15'], ['ѕлощадь »льича', '11Ц15'], [' ресть€нска€ застава', '11Ц15']]",50,1,11 мес.
1,55.74864578,37.63744354,"[[' итай-город', '6Ц10'], ['Ќовокузнецка€', '16Ц20'], ['ѕлощадь революции', '16Ц20']]",76.7,1,11 мес.
135000,55.75515,37.603541,"[['јрбатска€', '6Ц10'], ['Ѕиблиотека им. Ћенина', '6Ц10'], ['јлександровский сад', '11Ц15']]",60,,11 мес.
220000,55.73974609,37.670681,"[['ћарксистска€', '11Ц15'], ['ѕлощадь »льича', '11Ц15'], [' ресть€нска€ застава', '11Ц15']]",70,1,11 мес.
160000,55.89211655,37.65901184,"[['ћедведково', '6Ц10'], ['Ѕабушкинска€от', '31'], ['Ѕибиревоот', '31']]",69.8,1,11 мес.
70000,55.689634,37.85833,"[['∆улебинодо', '5'], ['”хтомска€', '16Ц20'], ['Ћермонтовский проспект', '16Ц20']]",55.3,1,12 мес.
2000,55.58220291,37.59188843,"[['јннинодо', '5'], ['Ћесопаркова€', '11Ц15'], ['”лица академика янгел€', '16Ц20']]",50,1,6 мес.
160000,55.80809642994097,37.5823733045034,"[['ƒмитровска€до', '5'], ['Ѕутырска€', '16Ц20'], ['“имир€зевска€', '16Ц20']]",60,2,11 мес.
76500,55.785118,37.716432,"[['—емЄновска€до', '5'], ['Ёлектрозаводска€', '11Ц15'], ['ѕреображенска€ площадь', '11Ц15']]",51,2,11 мес.
300000,55.75285339,37.79196167,"[['ѕероводо', '5'], ['Ќовогиреево', '16Ц20'], [' усково', '21Ц30']]",60,1,11 мес.
119250,55.945806,37.365469,"[['Ќовоподрезково', '21Ц30'], ['ѕодрезковоот', '31'], ['ћолжаниновоот', '31']]",79.5,1,11 мес.
2400,55.794173,37.608338,"[['ћарьина –оща', '6Ц10'], ['—авЄловска€', '16Ц20'], ['ƒостоевска€', '21Ц30']]",67.1,2,11 мес.
200000,55.78156,37.612883,"[['ƒостоевска€до', '5'], ['Ќовослободска€', '6Ц10'], ['ћенделеевска€', '11Ц15']]",75,1,11 мес.
240000,55.68187780100985,37.59499215813002,"[[' рымска€', '16Ц20'], ['јкадемическа€', '16Ц20'], ['Ќагорна€', '21Ц30']]",77.5,1,11 мес.
206250,55.721214,37.701727,"[['”грешска€', '6Ц10'], ['¬олгоградский проспект', '11Ц15'], [' алитники', '21Ц30']]",99,1,11 мес.
139500,55.711879,37.626618,"[['“ульска€', '6Ц10'], ['Ўаболовска€', '21Ц30'], ['—ерпуховска€', '21Ц30']]",55,2,11 мес.
800,55.77719498,37.53553772,"[['Ѕегова€', '6Ц10'], ['ѕолежаевска€', '11Ц15'], ['’орошЄвска€', '11Ц15']]",50,3,1 мес.
220000,55.863090928702775,37.374378836805285,"[['ѕ€тницкое шоссе', '21Ц30'], ['ћитино', '21Ц30'], ['¬олоколамска€от', '31']]",85,1,11 мес.
89200,55.73745728,37.7300148,"[['Ќижегородска€', '6Ц10'], ['јндроновка', '16Ц20'], [' алитники', '21Ц30']]",56.4,1,11 мес.
203000,55.851874,37.638288,"[['Ѕотанический сад', '6Ц10'], ['—виблово', '11Ц15'], ['–остокиноот', '31']]",70,1,11 мес.
100634,55.884711,37.556388,"[['Ѕескудниково', '11Ц15'], ['яхромска€', '11Ц15'], ['Ћианозово', '21Ц30']]",75.1,2,11 мес.
100000,55.74000549,37.60952377,"[[' ропоткинска€', '11Ц15'], ['ѕол€нка', '11Ц15'], ['“реть€ковска€', '16Ц20']]",50,,5 мес.
270000,55.643988,37.543192,"[['Ѕел€ево', '11Ц15'], [' алужска€', '16Ц20'], ['¬оронцовска€', '21Ц30']]",68.4,1,11 мес.
1535,55.83824387982612,37.493587922047666,"[['¬одный стадион', '6Ц10'], ['Ѕалтийска€', '21Ц30'], [' оптево', '21Ц30']]",90,1,11 мес.
5000,55.7799331398931,37.698692376651735,"[['Ёлектрозаводска€', '6Ц10'], ['Ѕауманска€', '16Ц20'], ['—емЄновска€', '21Ц30']]",78,1,11 мес.
180000,55.65503227468997,37.409796840614234,"[['√оворово', '11Ц15'], ['—олнцево', '16Ц20'], ['ћещерска€', '21Ц30']]",81.8,1,11 мес.
90000,55.807643,37.560772,"[['√ражданска€', '6Ц10'], ['ƒмитровска€', '16Ц20'], ['“имир€зевска€', '21Ц30']]",85,,3 мес.
4000,55.75021708970391,37.68999107138059,"[['ћосква-“оварна€', '11Ц15'], ['–имска€', '11Ц15'], ['—ерп и ћолот', '11Ц15']]",58,1,11 мес.
80000,55.621292,37.728613,"[['Ўипиловска€', '11Ц15'], [' расногвардейска€', '16Ц20'], ['ƒомодедовска€', '16Ц20']]",67,3,11 мес.
133650,55.810208,37.509703,"[['—окол', '6Ц10'], ['¬ойковска€', '16Ц20'], [' расный Ѕалтиец', '21Ц30']]",59.4,1,11 мес.
550000,55.75841141,37.62998581,"[['Ћуб€нкадо', '5'], [' итай-городдо', '5'], ['ѕлощадь революции', '6Ц10']]",55,1,11 мес.
330000,55.723876,37.777149,"[['ќкска€', '6Ц10'], ['ѕлющево', '11Ц15'], ['¬ешн€ки', '16Ц20']]",100,1,11 мес.
270000,55.880722,37.633913,"[['ћедведково', '21Ц30'], ['Ѕибирево', '21Ц30'], ['Ѕабушкинска€от', '31']]",82,1,11 мес.
140000,55.634131,37.659173,"[[' антемировска€до', '5'], ['÷арицыно', '16Ц20'], ['ћоскворечье', '21Ц30']]",90,1,12 мес.
180000,55.815475322044335,37.75283158399199,"[['Ѕульвар –окоссовского', '21Ц30'], ['Ћокомотивот', '31'], ['„еркизовска€от', '31']]",75,1,11 мес.
118000,55.843141,37.374075,"[['ћитино', '6Ц10'], ['¬олоколамска€', '11Ц15'], ['ѕ€тницкое шоссе', '21Ц30']]",74,2,11 мес.
180000,55.815475322044335,37.75283158399199,"[['Ѕульвар –окоссовского', '21Ц30'], ['Ћокомотивот', '31'], ['„еркизовска€от', '31']]",75,1,11 мес.
5000,55.7799331398931,37.698692376651735,"[['Ёлектрозаводска€', '6Ц10'], ['Ѕауманска€', '16Ц20'], ['—емЄновска€', '21Ц30']]",78,1,11 мес.
100000,55.890814225700595,37.57046970218096,"[['јлтуфьево', '16Ц20'], ['Ѕескудниково', '21Ц30'], ['Ћианозово', '21Ц30']]",91.3,,11 мес.
130000,55.758533327745845,37.80507651289748,"[['Ќовогиреево', '16Ц20'], ['ѕерово', '16Ц20'], [' усково', '21Ц30']]",64,1,11 мес.
2600,55.746664,37.631469,"[['Ќовокузнецка€', '6Ц10'], ['“реть€ковска€', '11Ц15'], [' итай-город', '16Ц20']]",70,2,11 мес.
98000,55.88959482929754,37.539958257513064,"[['Ћианозово', '11Ц15'], ['яхромска€', '11Ц15'], ['ћарк', '21Ц30']]",57,3,11 мес.
190000,55.722654,37.569315,"[['—портивна€до', '5'], ['Ћужники', '6Ц10'], ['‘рунзенска€', '11Ц15']]",70,,11 мес.
210000,55.73859024,37.65930939,"[['ћарксистска€до', '5'], ['“аганска€', '6Ц10'], [' ресть€нска€ застава', '11Ц15']]",70,2,11 мес.
170000,55.603224816033375,37.65505674878742,"[['ѕокровское', '21Ц30'], ['÷арицыноот', '31'], [' расный —троительот', '31']]",80,1,11 мес.
190000,55.8164742077272,37.42337108064146,"[['—партак', '11Ц15'], ['“ушинска€', '16Ц20'], ['—трогиноот', '31']]",76,1,11 мес.
95000,55.750991497193034,37.717007476805136,"[['јвиамоторна€до', '5'], ['—ортировочна€', '16Ц20'], ['јндроновка', '16Ц20']]",70,1,11 мес.
350000,55.773788,37.630257,"[['—ухаревска€до', '5'], ['ѕроспект ћира', '6Ц10'], ['÷ветной бульвар', '11Ц15']]",97.4,1,9 мес.
550000,55.550005,37.488251,"[['ѕотапово', '6Ц10'], ['Ќовомосковска€', '21Ц30'], ['Ѕунинска€ алле€от', '31']]",93,1,11 мес.
66000,55.53891754,37.54437637,"[['Ѕульвар адмирала ”шакова', '11Ц15'], ['”лица √орчакова', '11Ц15'], ['”лица —кобелевска€', '16Ц20']]",50,1,11 мес.
350000,55.75741577,37.64585114,"[[' итай-город', '11Ц15'], ['„каловска€', '11Ц15'], [' урска€', '11Ц15']]",100,3,11 мес.
140000,55.54889297,37.48791885,"[['ѕотапово', '6Ц10'], ['Ќовомосковска€', '21Ц30'], ['Ѕунинска€ алле€от', '31']]",58,1,11 мес.
150000,55.807602,37.635422,"[['јлексеевска€до', '5'], ['¬ƒЌ’', '16Ц20'], ['–ижска€', '21Ц30']]",61,4,11 мес.
65000,55.891345,37.585494,"[['јлтуфьево', '6Ц10'], ['Ѕибирево', '16Ц20'], ['Ѕескудниково', '21Ц30']]",50,,11 мес.
165000,55.84086063195525,37.37661987441501,"[['¬олоколамска€', '6Ц10'], ['ћитино', '11Ц15'], ['“рикотажна€', '21Ц30']]",88,1,24 мес.
200000,55.84645462,37.56266022,"[['ќкружна€', '6Ц10'], ['Ћихоборы', '11Ц15'], ['¬ерхние Ћихоборы', '16Ц20']]",79.4,1,11 мес.
250000,55.72344,37.772361,"[['ќкска€', '6Ц10'], ['ѕлющево', '11Ц15'], ['„ухлинка', '16Ц20']]",73.7,1,11 мес.
180000,55.66629521510717,37.7353205142593,"[['Ѕратиславска€', '21Ц30'], ['ѕерерва', '21Ц30'], ['ћарьино', '21Ц30']]",84,1,12 мес.
119590,55.79265594,37.59085464,"[['—авЄловска€до', '5'], ['ћенделеевска€', '16Ц20'], ['ћарьина –оща', '16Ц20']]",82,,6 мес.
100000,55.75442505,37.65559006,"[['„каловска€до', '5'], [' урска€', '6Ц10'], [' итай-город', '16Ц20']]",77,1,11 мес.
110000,55.603746,37.65576,"[['ѕокровское', '21Ц30'], ['÷арицыноот', '31'], [' расный —троительот', '31']]",70.5,1,11 мес.
190000,55.64426611313685,37.544623987454344,"[['Ѕел€ево', '16Ц20'], [' алужска€', '16Ц20'], ['¬оронцовска€', '21Ц30']]",52,1,11 мес.
260000,55.780967,37.689312,"[['Ёлектрозаводска€', '11Ц15'], ['Ѕауманска€', '16Ц20'], ['ћитьково', '21Ц30']]",87,6,11 мес.
219000,55.868364,37.463682,"[['Ѕеломорска€', '11Ц15'], ['’оврино', '21Ц30'], ['–ечной вокзал', '21Ц30']]",79.1,1,11 мес.
100000,55.75442505,37.65559006,"[['„каловска€до', '5'], [' урска€', '6Ц10'], [' итай-город', '16Ц20']]",76,1,11 мес.
122400,55.96506754568958,37.171072814819325,"[['«еленоград- рюковоот', '31']]",54.4,1,11 мес.
180000,55.87853622,37.47911453,"[['’овринодо', '5'], ['Ћевобережна€', '16Ц20'], ['Ѕеломорска€', '21Ц30']]",60,3,11 мес.
120000,55.693175,37.62077,"[['¬ерхние котлыдо', '5'], ['Ќагатинска€', '11Ц15'], [' рымска€', '16Ц20']]",87,2,11 мес.
230000,55.635523,37.758644,"[['јлма-јтинска€', '6Ц10'], ['Ѕорисово', '11Ц15'], ['ћарьино', '21Ц30']]",100,1,11 мес.
350000,55.694750978249424,37.463112018524164,"[['јминьевска€', '6Ц10'], ['ћатвеевска€', '21Ц30'], ['ќчаково', '21Ц30']]",65,1,11 мес.
240000,55.81740992718677,37.747075356684775,"[['Ѕульвар –окоссовского', '11Ц15'], ['Ћокомотивот', '31'], ['„еркизовска€от', '31']]",56.8,1,11 мес.
95000,55.801916,37.826233,"[['ѕервомайска€', '21Ц30'], ['ўЄлковска€', '21Ц30'], ['»змайловска€от', '31']]",55,1,11 мес.
73000,55.82436049718258,37.63222225428635,"[['¬ƒЌ’', '6Ц10'], ['ќстанкино', '21Ц30'], ['јлексеевска€', '21Ц30']]",56,2,11 мес.
350000,55.789488126343066,37.58881276686477,"[['—авЄловска€', '6Ц10'], ['ћенделеевска€', '11Ц15'], ['Ѕелорусска€', '16Ц20']]",100,1,11 мес.
76800,55.857033,37.557421,"[['¬ерхние Ћихоборыдо', '5'], ['Ћихоборы', '16Ц20'], ['—елигерска€', '16Ц20']]",51.2,1,11 мес.
350000,55.773788,37.630257,"[['—ухаревска€до', '5'], ['ѕроспект ћира', '6Ц10'], ['÷ветной бульвар', '11Ц15']]",97.4,1,9 мес.
290000,55.6984292917186,37.63991006349899,"[['«»Ћ', '6Ц10'], ['јвтозаводска€', '16Ц20'], ['“ехнопарк', '21Ц30']]",57.7,1,36 мес.
256666,55.721473,37.572459,"[['—портивна€', '6Ц10'], ['Ћужники', '11Ц15'], ['‘рунзенска€', '11Ц15']]",88,3,11 мес.
88000,55.68391036987305,37.58610534667969,"[['јкадемическа€', '11Ц15'], [' рымска€', '21Ц30'], ['ѕрофсоюзна€', '21Ц30']]",68,,12 мес.
200000,55.78156,37.612883,"[['ƒостоевска€до', '5'], ['Ќовослободска€', '6Ц10'], ['ћенделеевска€', '11Ц15']]",75,1,11 мес.
300000,55.74692917,37.57677841,"[['—моленска€', '6Ц10'], [' иевска€', '6Ц10'], [' раснопресненска€', '21Ц30']]",60,1,11 мес.
250000,55.80618667814005,37.58143574603269,"[['ƒмитровска€до', '5'], ['—авЄловска€', '16Ц20'], ['“имир€зевска€', '16Ц20']]",50.3,1,11 мес.
250000,55.874632,37.704808,"[['Ѕабушкинска€от', '31'], ['ћедведковоот', '31'], ['—вибловоот', '31']]",90,2,11 мес.
130000,55.804668,37.594019,"[['ƒмитровска€', '11Ц15'], ['—авЄловска€', '16Ц20'], ['Ѕутырска€', '21Ц30']]",70,1,6 мес.
121000,55.84353,37.579619,"[['ќкружна€до', '5'], ['¬ладыкино', '11Ц15'], ['ѕетровско-–азумовска€', '11Ц15']]",82.5,,11 мес.
385000,55.8177222023254,37.4322645522537,"[['—партакдо', '5'], ['“ушинска€', '11Ц15'], ['ўукинска€от', '31']]",77,1,11 мес.
150000,55.73579407,37.59048843,"[['ѕарк культурыдо', '5'], ['‘рунзенска€', '16Ц20'], [' ропоткинска€', '16Ц20']]",89,1,11 мес.
65000,55.73790359,37.55947876,"[[' иевска€', '11Ц15'], ['—туденческа€', '21Ц30'], ['—моленска€', '21Ц30']]",50,,12 мес.
169950,55.851924,37.604628,"[['¬ладыкино', '11Ц15'], ['ќтрадное', '16Ц20'], ['ќкружна€', '21Ц30']]",90,6,11 мес.
120000,55.693175,37.62077,"[['¬ерхние котлыдо', '5'], ['Ќагатинска€', '11Ц15'], [' рымска€', '16Ц20']]",87,2,11 мес.
350000,55.6425209,37.34822083,"[['Ќовопеределкино', '6Ц10'], ['–ассказовка', '16Ц20'], ['Ѕоровское шоссе', '21Ц30']]",100,1,11 мес.
100000,55.75442505,37.65559006,"[['„каловска€до', '5'], [' урска€', '6Ц10'], [' итай-город', '16Ц20']]",77,1,11 мес.
190000,55.736736,37.418712,"[['ћолодЄжна€', '6Ц10'], ['–абочий ѕосЄлок', '21Ц30'], [' унцевска€', '21Ц30']]",52.7,1,11 мес.
125000,55.6936667585993,37.85519683973,"[['”хтомска€', '11Ц15'], ['Ћермонтовский проспект', '11Ц15'], ['∆улебино', '11Ц15']]",71,3,11 мес.
350000,55.694750978249424,37.463112018524164,"[['јминьевска€', '6Ц10'], ['ћатвеевска€', '21Ц30'], ['ќчаково', '21Ц30']]",65,1,11 мес.
128000,55.845855,37.662093,"[['–остокино', '11Ц15'], ['—виблово', '16Ц20'], ['Ѕотанический сад', '16Ц20']]",56.5,2,11 мес.
75000,55.86229324,37.64708328,"[['—виблово', '11Ц15'], ['Ѕабушкинска€', '16Ц20'], ['Ѕотанический сад', '21Ц30']]",50,3,11 мес.
190000,55.53775251475348,37.61392768177859,"[['Ѕутовоот', '31'], ['”лица —кобелевска€от', '31'], ['”лица —тарокачаловска€от', '31']]",71,1,11 мес.
33000,55.625166984824375,37.31239816226906,"[['ѕыхтино', '11Ц15'], ['–ассказовка', '21Ц30'], ['ћичуринецот', '31']]",53,8,6 мес.
300000,55.79884437328936,37.53756876190186,"[['јэропортдо', '5'], ['√ражданска€', '16Ц20'], ['—окол', '16Ц20']]",57,1,11 мес.
230000,55.817355,37.792465,"[['ўЄлковска€', '11Ц15'], ['ѕервомайска€от', '31'], ['Ћокомотивот', '31']]",80,1,11 мес.
99000,55.70846,37.662084,"[['јвтозаводска€до', '5'], ['ƒубровка', '11Ц15'], ['«»Ћ', '16Ц20']]",83,,12 мес.
80000,55.74979,37.763962,"[['Ўоссе Ёнтузиастов', '11Ц15'], ['ѕерово', '16Ц20'], ['ѕерово', '21Ц30']]",100,3,11 мес.
115000,56.009436,37.198239,[],100,2,12 мес.
100000,55.726487,37.747693,"[['—тахановска€до', '5'], ['Ќижегородска€', '16Ц20'], ['„ухлинка', '16Ц20']]",60,1,11 мес.
280000,55.643988,37.543192,"[['Ѕел€ево', '11Ц15'], [' алужска€', '16Ц20'], ['¬оронцовска€', '21Ц30']]",80.4,1,11 мес.
4500,55.795444,37.526905,"[['јэропорт', '11Ц15'], ['÷— ј', '16Ц20'], ['—окол', '16Ц20']]",88.9,1,11 мес.
68750,55.654569,37.540542,"[[' алужска€до', '5'], ['¬оронцовска€', '6Ц10'], ['Ѕел€ево', '16Ц20']]",50,3,11 мес.
150000,55.849453,37.436715,"[['—ходненска€до', '5'], ['ѕланерна€', '16Ц20'], ['“ушинска€от', '31']]",67.5,,12 мес.
4700,55.68401718,37.7518425,"[['¬олжска€', '6Ц10'], ['Ћюблино', '11Ц15'], ['Ћюблино', '16Ц20']]",54,1,11 мес.
265000,55.72849048590173,37.72001980959652,"[['Ќовохохловска€', '11Ц15'], ['Ќижегородска€', '11Ц15'], [' алитники', '16Ц20']]",89,1,36 мес.
280000,55.803995,37.637048,"[['јлексеевска€', '6Ц10'], ['–ижска€', '16Ц20'], ['¬ƒЌ’', '21Ц30']]",100,,11 мес.
195000,55.604692,37.661105,"[['ѕокровское', '21Ц30'], ['÷арицыно', '21Ц30'], [' антемировска€от', '31']]",86,1,11 мес.
200000,55.672146334923724,37.570375326961226,"[['ѕрофсоюзна€', '11Ц15'], ['Ќовые „ерЄмушки', '11Ц15'], ['јкадемическа€', '21Ц30']]",60,1,36 мес.
80000,55.72518539,37.79896927,"[['¬ешн€ки', '6Ц10'], ['–€занский проспект', '11Ц15'], ['ќкска€', '16Ц20']]",80,1,1 мес.
75000,55.713303,37.884834,"[['”лица ƒмитриевского', '6Ц10'], ['Ћухмановска€', '11Ц15'], ['”хтомска€от', '31']]",59,1,3 мес.
300000,55.697514857640506,37.63509113491819,"[['«»Ћ', '11Ц15'], ['“ульска€', '21Ц30'], ['“ехнопарк', '21Ц30']]",70,1,36 мес.
350000,55.643886,37.512496,"[['”ниверситет дружбы народов', '11Ц15'], ['Ѕел€ево', '11Ц15'], [' оньково', '16Ц20']]",98.5,1,11 мес.
150000,55.775732,37.684668,"[['Ѕауманска€', '6Ц10'], [' расносельска€', '16Ц20'], ['ћитьково', '21Ц30']]",53.49,1,11 мес.
250000,55.69478911416265,37.46311985838367,"[['јминьевска€', '6Ц10'], ['ћатвеевска€', '21Ц30'], ['ќчаково', '21Ц30']]",60,1,11 мес.
19990,55.786424,37.718857,"[['—емЄновска€', '6Ц10'], ['Ёлектрозаводска€', '11Ц15'], ['ѕреображенска€ площадь', '11Ц15']]",96.2,2,11 мес.
4700,55.68401718,37.7518425,"[['¬олжска€', '6Ц10'], ['Ћюблино', '11Ц15'], ['Ћюблино', '16Ц20']]",54,1,11 мес.
220000,55.737816,37.485691,"[['‘илЄвский паркдо', '5'], ['Ѕагратионовска€', '11Ц15'], ['ѕионерска€', '16Ц20']]",55,1,11 мес.
128400,55.590765,37.631595,"[[' расный —троитель', '21Ц30'], ['ѕокровское', '21Ц30'], ['”лица академика янгел€от', '31']]",70,1,6 мес.
1400,55.730882,37.702292,"[[' алитники', '6Ц10'], ['Ќовохохловска€', '16Ц20'], ['¬олгоградский проспект', '21Ц30']]",60,2,11 мес.
190000,55.603013,37.740246,"[['«€бликово', '11Ц15'], [' расногвардейска€', '16Ц20'], ['ƒомодедовска€', '21Ц30']]",82.2,1,11 мес.
100000,55.6421346049804,37.51000638888551,"[['”ниверситет дружбы народов', '11Ц15'], ['Ѕел€ево', '11Ц15'], [' оньково', '11Ц15']]",63,1,11 мес.
185500,55.814077,37.565263,"[['“имир€зевска€', '11Ц15'], ['√ражданска€', '16Ц20'], ['ƒмитровска€', '16Ц20']]",92.8,1,11 мес.
80000,55.73688889,37.62397003,"[['ѕол€нка', '6Ц10'], ['“реть€ковска€', '6Ц10'], ['Ќовокузнецка€', '11Ц15']]",50,,3 мес.
1100,55.863333,37.64887,"[['—виблово', '11Ц15'], ['Ѕабушкинска€', '16Ц20'], ['Ѕотанический сад', '21Ц30']]",87,1,11 мес.
3000,55.7107206163842,37.69400410467151,"[['”грешска€', '16Ц20'], [' ожуховска€', '16Ц20'], ['ƒубровка', '21Ц30']]",75,1,11 мес.
232400,55.72605133,37.74563599,"[['—тахановска€', '6Ц10'], ['Ќижегородска€', '16Ц20'], ['„ухлинка', '16Ц20']]",83,1,12 мес.
120000,55.66655731,37.7883873,"[['Ћюблино', '21Ц30'], ['Ѕратиславска€от', '31'], ['ћарьиноот', '31']]",74.5,1,11 мес.
230000,55.81374731609756,37.598448277623405,"[['Ѕутырска€до', '5'], ['ќстанкино', '11Ц15'], ['‘онвизинска€', '11Ц15']]",60,1,11 мес.
2800,55.683346,37.600316,"[[' рымска€', '11Ц15'], ['Ќагатинска€', '16Ц20'], ['¬ерхние котлы', '21Ц30']]",75,1,11 мес.
90000,55.732555,37.762228,"[['„ухлинкадо', '5'], ['ѕерово', '6Ц10'], ['—тахановска€', '11Ц15']]",100,1,11 мес.
49000,55.85293961,37.34389114,"[['ѕ€тницкое шоссе', '6Ц10'], ['ћитино', '16Ц20'], ['¬олоколамска€от', '31']]",55,1,12 мес.
350000,55.73614883,37.67629623,"[['ѕролетарска€', '6Ц10'], [' ресть€нска€ застава', '11Ц15'], ['ћосква-“оварна€', '16Ц20']]",96.4,1,11 мес.
350000,55.74986296120418,37.64589745211907,"[[' итай-город', '11Ц15'], ['„каловска€', '11Ц15'], ['“аганска€', '11Ц15']]",60,1,11 мес.
250000,55.82068807093508,37.42397067183063,"[['—партак', '6Ц10'], ['“ушинска€', '11Ц15'], ['“рикотажна€от', '31']]",60,1,11 мес.
130000,55.672052,37.572594,"[['ѕрофсоюзна€', '11Ц15'], ['Ќовые „ерЄмушки', '16Ц20'], ['«юзино', '21Ц30']]",55,1,11 мес.
35000,55.843353,37.432753,"[['—ходненска€', '11Ц15'], ['ѕланерна€', '21Ц30'], ['“ушинска€от', '31']]",50,,11 мес.
330000,55.84429932,37.54657745,"[['Ћихоборы', '6Ц10'], [' оптево', '21Ц30'], ['ќкружна€', '21Ц30']]",95,1,11 мес.
120000,55.68144226,37.54774475,"[['ѕрофсоюзна€', '11Ц15'], ['Ќовые „ерЄмушки', '16Ц20'], ['”ниверситет', '21Ц30']]",72,,11 мес.
215000,55.643396181732825,37.3930419700301,"[['—олнцево', '6Ц10'], ['Ќовопеределкино', '11Ц15'], ['—олнечна€', '21Ц30']]",76,1,11 мес.
70000,55.80899811,37.60571289,"[['Ѕутырска€', '6Ц10'], ['ќстанкино', '16Ц20'], ['ƒмитровска€', '21Ц30']]",70,5,2 мес.
1500,55.787806,37.73703,"[['»змайлово', '6Ц10'], ['ѕартизанска€', '11Ц15'], ['—емЄновска€', '16Ц20']]",67,,12 мес.
102000,55.786065,37.742016,"[['»змайловодо', '5'], ['ѕартизанска€', '6Ц10'], ['—емЄновска€', '16Ц20']]",59,2,11 мес.
100000,55.71939468,37.72776794,"[['“екстильщики', '16Ц20'], ['Ќижегородска€', '21Ц30'], ['—тахановска€', '21Ц30']]",85,1,12 мес.
57000,55.802239,37.544863,"[['√ражданска€', '11Ц15'], ['јэропорт', '11Ц15'], ['ѕетровский парк', '16Ц20']]",54,,11 мес.
110000,55.75590515,37.6509285,"[['„каловска€', '6Ц10'], [' урска€', '6Ц10'], [' итай-город', '11Ц15']]",50,,11 мес.
120000,55.68144226,37.54774475,"[['ѕрофсоюзна€', '11Ц15'], ['Ќовые „ерЄмушки', '16Ц20'], ['”ниверситет', '21Ц30']]",72,,11 мес.
35000,55.72767492347581,37.63766406425822,"[['ѕавелецка€до', '5'], ['—ерпуховска€', '6Ц10'], ['ƒобрынинска€', '11Ц15']]",50,,6 мес.
230000,55.81374731609756,37.598448277623405,"[['Ѕутырска€до', '5'], ['ќстанкино', '11Ц15'], ['‘онвизинска€', '11Ц15']]",60,1,11 мес.
120000,55.888531397121845,37.59926404645062,"[['Ѕибирево', '6Ц10'], ['јлтуфьево', '16Ц20'], ['Ѕескудниковоот', '31']]",57,1,12 мес.
5000,55.76183319,37.62481308,"[[' узнецкий мостдо', '5'], ['Ћуб€нкадо', '5'], ['“еатральна€', '6Ц10']]",70,2,3 мес.
215000,55.643396181732825,37.3930419700301,"[['—олнцево', '6Ц10'], ['Ќовопеределкино', '11Ц15'], ['—олнечна€', '21Ц30']]",76,1,11 мес.
110000,55.691719,37.854988,"[['∆улебино', '6Ц10'], ['”хтомска€', '11Ц15'], ['Ћермонтовский проспект', '11Ц15']]",78,1,11 мес.
120000,55.837166,37.382959,"[['¬олоколамска€до', '5'], ['“рикотажна€', '11Ц15'], ['ћитино', '16Ц20']]",85,1,11 мес.
117000,55.76696014,37.5271225,"[['’орошЄвска€', '16Ц20'], ['Ѕегова€', '16Ц20'], ['Ўелепиха', '21Ц30']]",65,4,11 мес.
2750,55.71449661,37.41162491,"[['—етунь', '21Ц30'], ['–абочий ѕосЄлок', '21Ц30'], ['Ќемчиновкаот', '31']]",86,1,11 мес.
160000,55.75948900827484,37.58311788926504,"[['Ѕаррикадна€до', '5'], [' раснопресненска€', '6Ц10'], ['—моленска€', '11Ц15']]",56,3,12 мес.
3500,55.87998423691912,37.71373050618544,"[['Ѕабушкинска€от', '31'], ['ћедведковоот', '31']]",68,1,12 мес.
3500,55.72108597949499,37.72277708491946,"[['Ќижегородска€', '21Ц30'], ['“екстильщики', '21Ц30'], ['Ќовохохловска€от', '31']]",70,1,11 мес.
150000,55.541825,37.519288,"[['Ѕунинска€ алле€', '6Ц10'], ['”лица √орчакова', '11Ц15'], ['Ѕульвар адмирала ”шакова', '16Ц20']]",75,1,11 мес.
95000,55.81964748340057,37.79164615344236,"[['ўЄлковска€', '16Ц20'], ['ѕервомайска€от', '31'], ['Ћокомотивот', '31']]",100,2,11 мес.
80000,55.89367294,37.55856323,"[['Ћианозово', '16Ц20'], ['Ѕескудниково', '16Ц20'], ['ћарк', '21Ц30']]",85,,11 мес.
280000,55.74389267,37.6566124,"[['“аганска€до', '5'], ['ћарксистска€', '6Ц10'], ['„каловска€', '16Ц20']]",89,3,11 мес.
100000,55.6421346049804,37.51000638888551,"[['”ниверситет дружбы народов', '11Ц15'], ['Ѕел€ево', '11Ц15'], [' оньково', '11Ц15']]",63,1,11 мес.
270000,55.7432876347751,37.638321982803355,"[['Ќовокузнецка€', '6Ц10'], ['“реть€ковска€', '11Ц15'], ['ѕавелецка€', '16Ц20']]",77.4,1,11 мес.
130000,55.797027,37.7843,"[['ѕервомайска€', '11Ц15'], ['»змайловска€', '11Ц15'], ['ўЄлковска€', '21Ц30']]",67,1,11 мес.
230000,55.77380371,37.6749115,"[['Ѕауманска€до', '5'], [' расносельска€', '11Ц15'], [' омсомольска€', '11Ц15']]",60,1,0 мес.
340000,55.739498,37.647917,"[['“аганска€', '6Ц10'], ['ћарксистска€', '6Ц10'], ['ѕавелецка€', '16Ц20']]",76.7,1,11 мес.
60000,55.70783997,37.42696762,"[['–абочий ѕосЄлок', '21Ц30'], ['ƒавыдковоот', '31'], ['—етуньот', '31']]",64,1,6 мес.
1200,55.726249,37.639788,"[['ѕавелецка€до', '5'], ['—ерпуховска€', '11Ц15'], ['ƒобрынинска€', '16Ц20']]",50,1,11 мес.
260000,55.744546,37.683024,"[['–имска€до', '5'], ['ѕлощадь »льичадо', '5'], ['—ерп и ћолот', '6Ц10']]",52,1,11 мес.
80000,55.819535,37.514455,"[[' расный Ѕалтиец', '11Ц15'], ['¬ойковска€', '11Ц15'], ['Ѕалтийска€', '21Ц30']]",50.5,,11 мес.
83600,55.572182,37.563934,"[['Ѕульвар ƒмитри€ ƒонского', '11Ц15'], ['”лица —тарокачаловска€', '11Ц15'], ['Ћесопаркова€', '21Ц30']]",65.1,6,11 мес.
70000,55.76137924,37.54141235,"[['“естовска€', '11Ц15'], ['Ўелепиха', '16Ц20'], ['ƒеловой центр', '16Ц20']]",68,,11 мес.
122000,55.694434,37.614132,"[['¬ерхние котлы', '6Ц10'], [' рымска€', '11Ц15'], ['Ќагатинска€', '16Ц20']]",61,1,11 мес.
50000,55.5570357260654,37.50927414061266,"[['ѕотапово', '11Ц15'], ['Ѕунинска€ алле€от', '31'], ['”лица √орчаковаот', '31']]",71,1,11 мес.
400000,55.68906021,37.65579605,"[['“ехнопарк', '11Ц15'], [' оломенска€', '21Ц30'], ['«»Ћ', '21Ц30']]",97.8,1,11 мес.
180000,55.76245796322659,37.57349182209012,"[[' раснопресненска€до', '5'], ['Ѕаррикадна€', '6Ц10'], ['”лица', '1905']]",60,,12 мес.
50000,55.5570357260654,37.50927414061266,"[['ѕотапово', '11Ц15'], ['Ѕунинска€ алле€от', '31'], ['”лица √орчаковаот', '31']]",71,1,11 мес.
95000,55.81964748340057,37.79164615344236,"[['ўЄлковска€', '16Ц20'], ['ѕервомайска€от', '31'], ['Ћокомотивот', '31']]",100,2,11 мес.
145000,55.68568423740125,37.56537230759365,"[['јкадемическа€', '6Ц10'], ['ѕрофсоюзна€', '11Ц15'], ['Ќовые „ерЄмушки', '21Ц30']]",67.5,,11 мес.
260000,55.744546,37.683024,"[['–имска€до', '5'], ['ѕлощадь »льичадо', '5'], ['—ерп и ћолот', '6Ц10']]",52,1,11 мес.
400000,55.68906021,37.65579605,"[['“ехнопарк', '11Ц15'], [' оломенска€', '21Ц30'], ['«»Ћ', '21Ц30']]",97.8,1,11 мес.
140000,55.65754318,37.7598381,"[['Ѕратиславска€', '6Ц10'], ['ћарьино', '16Ц20'], ['Ћюблино', '21Ц30']]",80,2,11 мес.
1200,55.63884493088212,37.694963097230726,"[['ћоскворечье', '6Ц10'], [' урь€новоот', '31'], [' антемировска€от', '31']]",100,3,11 мес.
220000,55.631982540670435,37.4871273495361,"[['√енерала “юленева', '6Ц10'], ['“ютчевска€', '21Ц30'], ['“Єплый стан', '21Ц30']]",69,1,11 мес.
400000,55.749633,37.537434,"[['ћеждународна€до', '5'], ['ћосква-—итидо', '5'], ['ƒеловой центр', '6Ц10']]",94,67,11 мес.
135000,55.71687317,37.74676895,"[['“екстильщики', '16Ц20'], ['—тахановска€', '21Ц30'], [' узьминки', '21Ц30']]",70,1,11 мес.
134000,55.54447601321089,37.484401178394954,"[['ѕотапово', '16Ц20'], ['Ќовомосковска€', '21Ц30'], ['Ѕунинска€ алле€от', '31']]",67,1,11 мес.
800,55.72015381,37.59998322,"[['Ўаболовска€', '6Ц10'], ['ќкт€брьска€', '16Ц20'], ['Ћенинский проспект', '16Ц20']]",60,3,1 мес.
450000,55.69863,37.474534,"[['јминьевска€', '6Ц10'], ['ћатвеевска€', '11Ц15'], ['ћичуринский проспект', '21Ц30']]",85.6,1,11 мес.
130000,55.797027,37.7843,"[['ѕервомайска€', '11Ц15'], ['»змайловска€', '11Ц15'], ['ўЄлковска€', '21Ц30']]",67,1,11 мес.
145000,55.82270281885245,37.505457595245346,"[['¬ойковска€', '6Ц10'], ['Ѕалтийска€', '11Ц15'], [' расный Ѕалтиец', '21Ц30']]",59,1,11 мес.
156000,55.794173,37.608338,"[['ћарьина –оща', '6Ц10'], ['—авЄловска€', '16Ц20'], ['ƒостоевска€', '21Ц30']]",65,2,11 мес.
100000,55.813222,37.810216,"[['ўЄлковска€', '11Ц15'], ['ѕервомайска€от', '31'], ['»змайловска€от', '31']]",50,3,11 мес.
68000,55.7418719184081,37.80118875599952,"[[' усково', '6Ц10'], ['Ќовогиреево', '21Ц30'], ['ѕерово', '21Ц30']]",51,5,11 мес.
4500,55.695431734757165,37.477114320098856,"[['јминьевска€', '11Ц15'], ['ћатвеевска€', '16Ц20'], ['ћичуринский проспект', '21Ц30']]",80,1,11 мес.
130000,55.64338684,37.59375,"[['„ертановска€', '6Ц10'], ['—евастопольска€', '11Ц15'], [' аховска€', '11Ц15']]",80,3,1 мес.
90000,55.78931808,37.58885193,"[['—авЄловска€', '6Ц10'], ['ћенделеевска€', '11Ц15'], ['Ѕелорусска€', '16Ц20']]",80,6,6 мес.
270000,55.763792,37.572064,"[[' раснопресненска€', '6Ц10'], ['Ѕаррикадна€', '6Ц10'], ['”лица', '1905']]",58,1,11 мес.
320000,55.79380049591812,37.61073325078915,"[['ћарьина –ощадо', '5'], ['ƒостоевска€', '16Ц20'], ['—авЄловска€', '16Ц20']]",80,1,11 мес.
59000,55.787138934469084,37.70528076380637,"[['Ёлектрозаводска€', '6Ц10'], ['ѕреображенска€ площадь', '11Ц15'], ['—емЄновска€', '16Ц20']]",74,4,11 мес.
1550,55.78753691561354,37.74187953825559,"[['»змайловодо', '5'], ['ѕартизанска€', '6Ц10'], ['„еркизовска€', '21Ц30']]",100,3,11 мес.
129000,55.857902,37.443901,"[['ѕланерна€', '11Ц15'], ['—ходненска€', '11Ц15'], ['–ечной вокзалот', '31']]",84,,11 мес.
169950,55.851924,37.604628,"[['¬ладыкино', '11Ц15'], ['ќтрадное', '16Ц20'], ['ќкружна€', '21Ц30']]",90,6,11 мес.
2200,55.88415146,37.51623154,"[['√рачЄвска€', '21Ц30'], ['яхромска€', '21Ц30'], ['’овриноот', '31']]",50,1,2 мес.
150000,55.76613235,37.53195572,"[['Ўелепиха', '16Ц20'], ['Ѕегова€', '16Ц20'], ['“естовска€', '21Ц30']]",71,1,11 мес.
165000,55.702272,37.762507,"[[' узьминкидо', '5'], ['¬олжска€', '16Ц20'], ['“екстильщики', '21Ц30']]",50.3,1,11 мес.
149000,55.54218674,37.48306656,"[['ѕотапово', '16Ц20'], ['Ѕунинска€ алле€', '21Ц30'], ['Ќовомосковска€от', '31']]",84.1,1,11 мес.
1000,55.58441336677399,37.6358137799883,"[[' расный —троитель', '21Ц30'], ['ѕокровское', '21Ц30'], ['Ѕитцаот', '31']]",50,3,1 мес.
310000,55.695035989276164,37.459947507934565,"[['јминьевска€', '6Ц10'], ['ќчаково', '21Ц30'], ['ћатвеевска€', '21Ц30']]",60,1,11 мес.
1000,55.50972569939269,37.55327467818421,"[['ўербинка', '6Ц10'], ['ќстафьевоот', '31'], ['”лица √орчаковаот', '31']]",70,1,6 мес.
105000,55.723475,37.689824,"[['¬олгоградский проспектдо', '5'], ['”грешска€', '11Ц15'], ['ƒубровка', '16Ц20']]",80,2,6 мес.
220000,55.63372233592732,37.32825384096351,"[['–ассказовка', '6Ц10'], ['ћичуринец', '21Ц30'], ['Ќовопеределкино', '21Ц30']]",55,1,96 мес.
300000,55.75750732,37.63521576,"[[' итай-городдо', '5'], ['Ћуб€нка', '6Ц10'], ['„истые пруды', '11Ц15']]",50,,48 мес.
195000,55.71280330622267,37.92708824536892,"[['Ќекрасовка', '11Ц15'], ['Ћухмановска€', '21Ц30'], ['”лица ƒмитриевскогоот', '31']]",100,1,11 мес.
800000,55.762146,37.63446808,"[['“ургеневска€до', '5'], ['„истые пруды', '6Ц10'], ['—ретенский бульвар', '6Ц10']]",100,,11 мес.
100000,55.53387833,37.52643967,"[['Ѕунинска€ алле€', '11Ц15'], ['”лица √орчакова', '16Ц20'], ['Ѕульвар адмирала ”шакова', '21Ц30']]",57,1,11 мес.
129000,55.857902,37.443901,"[['ѕланерна€', '11Ц15'], ['—ходненска€', '11Ц15'], ['–ечной вокзалот', '31']]",84,,11 мес.
1320,55.64202344116871,37.62747475322814,"[['„ертановска€', '16Ц20'], ['¬аршавска€', '16Ц20'], [' аширска€от', '31']]",51,2,11 мес.
195000,,,[],100,1,11 мес.
1550,55.78753691561354,37.74187953825559,"[['»змайловодо', '5'], ['ѕартизанска€', '6Ц10'], ['„еркизовска€', '21Ц30']]",100,3,11 мес.
169950,55.851924,37.604628,"[['¬ладыкино', '11Ц15'], ['ќтрадное', '16Ц20'], ['ќкружна€', '21Ц30']]",90,6,11 мес.
91375,55.803742,37.753146,"[['Ћокомотив', '6Ц10'], ['„еркизовска€', '6Ц10'], ['»змайлово', '21Ц30']]",73.1,5,11 мес.
99360,55.734618,37.664725,"[[' ресть€нска€ заставадо', '5'], ['ѕролетарска€до', '5'], ['ћарксистска€', '11Ц15']]",74,4,11 мес.
105000,55.723475,37.689824,"[['¬олгоградский проспектдо', '5'], ['”грешска€', '11Ц15'], ['ƒубровка', '16Ц20']]",80,2,6 мес.
130000,55.807655459083236,37.490797828322286,"[['—трешнево', '6Ц10'], ['ѕанфиловска€', '16Ц20'], ['¬ойковска€', '21Ц30']]",87,1,6 мес.
150000,55.54747391,37.48887253,"[['ѕотапово', '6Ц10'], ['Ќовомосковска€', '21Ц30'], ['Ѕунинска€ алле€от', '31']]",82,1,12 мес.
350000,55.815418,37.426132,"[['—партак', '6Ц10'], ['“ушинска€', '16Ц20'], ['—трогиноот', '31']]",62.3,1,11 мес.
320000,55.71636625804841,37.47494330363905,"[['ћатвеевска€', '16Ц20'], ['—лав€нский бульвар', '21Ц30'], ['ƒавыдково', '21Ц30']]",75,1,11 мес.
187000,55.700035,37.62369,"[['“ульска€', '11Ц15'], ['¬ерхние котлы', '16Ц20'], ['Ќагатинска€', '21Ц30']]",90,1,11 мес.
99000,55.70846,37.662084,"[['јвтозаводска€до', '5'], ['ƒубровка', '11Ц15'], ['«»Ћ', '16Ц20']]",83,,12 мес.
2500,55.51738739,37.57240677,"[['ўербинка', '16Ц20'], ['Ѕутовоот', '31'], ['”лица —кобелевска€от', '31']]",60,1,11 мес.
70000,55.65908883067601,37.49204011802228,"[['ёго-«ападна€', '6Ц10'], ['”ниверситет дружбы народов', '16Ц20'], ['“ропарЄво', '21Ц30']]",50,,3 мес.
50000,55.82212448,37.71875763,"[['Ѕелокаменна€', '16Ц20'], ['Ѕульвар –окоссовского', '16Ц20'], ['„еркизовска€от', '31']]",52,,11 мес.
200000,55.714044,37.670142,"[['ƒубровка', '6Ц10'], ['јвтозаводска€', '11Ц15'], [' ожуховска€', '16Ц20']]",77,1,12 мес.
150000,55.663805936974015,37.73137265872191,"[['ѕерерва', '16Ц20'], ['Ѕратиславска€', '21Ц30'], ['ћарьино', '21Ц30']]",60,1,11 мес.
350000,55.750844,37.706622,"[['јвиамоторна€', '6Ц10'], ['—ортировочна€', '21Ц30'], ['ћосква-“оварна€', '21Ц30']]",85,1,11 мес.
39000,55.713441,37.721301,"[['“екстильщики', '6Ц10'], ['”грешска€', '21Ц30'], ['¬олгоградский проспект', '21Ц30']]",75,4,11 мес.
97500,55.810205101196956,37.71476122699934,"[['Ѕульвар –окоссовского', '16Ц20'], ['ѕреображенска€ площадь', '16Ц20'], ['„еркизовска€от', '31']]",50,1,11 мес.
149000,55.69409561,37.81724167,"[['ёго-¬осточна€', '16Ц20'], [' осиноот', '31'], ['Ћермонтовский проспектот', '31']]",81,1,11 мес.
1900,55.77360981724181,37.684259382376766,"[['Ѕауманска€', '6Ц10'], [' расносельска€', '16Ц20'], ['ћитьково', '21Ц30']]",68.28,2,6 мес.
160000,55.789542,37.656586,"[[' расносельска€', '16Ц20'], ['–ижска€', '16Ц20'], ['—окольники', '16Ц20']]",76.9,1,6 мес.
320000,55.79380049591812,37.61073325078915,"[['ћарьина –ощадо', '5'], ['ƒостоевска€', '16Ц20'], ['—авЄловска€', '16Ц20']]",80,1,11 мес.
156000,55.73570633,37.68992996,"[[' алитники', '11Ц15'], ['ћосква-“оварна€', '16Ц20'], ['–имска€', '16Ц20']]",76,4,11 мес.
230000,55.81861496,37.79700089,"[['ўЄлковска€', '11Ц15'], ['ѕервомайска€от', '31'], ['»змайловска€от', '31']]",72,1,12 мес.
99000,55.77120972,37.6582222,"[[' омсомольска€до', '5'], [' расные ворота', '6Ц10'], ['ѕлощадь трЄх вокзалов', '6Ц10']]",73.1,4,1 мес.
300000,55.75750732,37.63521576,"[[' итай-городдо', '5'], ['Ћуб€нка', '6Ц10'], ['„истые пруды', '11Ц15']]",50,,48 мес.
89400,55.720499,37.71239,"[['”грешска€', '16Ц20'], ['¬олгоградский проспект', '21Ц30'], [' алитники', '21Ц30']]",89.4,3,11 мес.
151200,55.71164,37.930725,"[['Ќекрасовка', '16Ц20'], ['Ћухмановска€', '21Ц30'], ['”лица ƒмитриевскогоот', '31']]",84,1,11 мес.
800000,55.762146,37.63446808,"[['“ургеневска€до', '5'], ['„истые пруды', '6Ц10'], ['—ретенский бульвар', '6Ц10']]",100,,11 мес.
90000,55.78931808,37.58885193,"[['—авЄловска€', '6Ц10'], ['ћенделеевска€', '11Ц15'], ['Ѕелорусска€', '16Ц20']]",80,6,6 мес.
230000,55.635523,37.758644,"[['јлма-јтинска€', '6Ц10'], ['Ѕорисово', '11Ц15'], ['ћарьино', '21Ц30']]",100,1,11 мес.
126630,55.783514,37.720232,"[['—емЄновска€до', '5'], ['Ёлектрозаводска€', '11Ц15'], ['ѕреображенска€ площадь', '16Ц20']]",71.8,5,11 мес.
400000,55.76942825,37.64929199,"[[' расные воротадо', '5'], [' омсомольска€', '6Ц10'], ['ѕлощадь трЄх вокзалов', '11Ц15']]",78.8,1,12 мес.
65000,55.886559,37.522683,"[['яхромска€', '21Ц30'], ['Ћианозово', '21Ц30'], ['√рачЄвска€', '21Ц30']]",65,1,11 мес.
145000,55.82270281885245,37.505457595245346,"[['¬ойковска€', '6Ц10'], ['Ѕалтийска€', '11Ц15'], [' расный Ѕалтиец', '21Ц30']]",59,1,11 мес.
117000,55.76696014,37.5271225,"[['’орошЄвска€', '16Ц20'], ['Ѕегова€', '16Ц20'], ['Ўелепиха', '21Ц30']]",65,4,11 мес.
90000,55.877493977328875,37.67651957406615,"[['Ѕабушкинска€', '16Ц20'], ['ћедведково', '21Ц30'], ['—вибловоот', '31']]",54,1,11 мес.
90000,55.884721,37.60372,"[['Ѕибиреводо', '5'], ['јлтуфьево', '21Ц30'], ['Ѕескудниковоот', '31']]",90,2,11 мес.
180000,55.807238,37.718983,"[['Ѕульвар –окоссовского', '11Ц15'], ['ѕреображенска€ площадь', '16Ц20'], ['„еркизовска€', '21Ц30']]",95,1,11 мес.
195000,55.88277003503913,37.681490734575036,"[['ћедведково', '21Ц30'], ['Ѕабушкинска€', '21Ц30'], ['—вибловоот', '31']]",70,1,11 мес.
400000,55.68906021,37.65579605,"[['“ехнопарк', '11Ц15'], [' оломенска€', '21Ц30'], ['«»Ћ', '21Ц30']]",97.8,1,11 мес.
130000,55.64338684,37.59375,"[['„ертановска€', '6Ц10'], ['—евастопольска€', '11Ц15'], [' аховска€', '11Ц15']]",80,3,1 мес.
130000,55.67201614,37.63162994,"[['Ќагатинска€', '16Ц20'], ['Ќагорна€', '21Ц30'], ['Ќахимовский проспект', '21Ц30']]",53,5,11 мес.
151200,55.71164,37.930725,"[['Ќекрасовка', '16Ц20'], ['Ћухмановска€', '21Ц30'], ['”лица ƒмитриевскогоот', '31']]",84,1,11 мес.
195000,55.502329,37.583104,"[['ўербинка', '21Ц30'], ['ќстафьевоот', '31']]",87,1,11 мес.
220000,55.783038,37.508661,"[['’орошЄво', '11Ц15'], ['«орге', '11Ц15'], ['ѕолежаевска€', '11Ц15']]",67.56,3,11 мес.
300000,55.849004,37.636464,"[['Ѕотанический саддо', '5'], ['—виблово', '11Ц15'], ['–остокиноот', '31']]",67,1,11 мес.
150000,55.76613235,37.53195572,"[['Ўелепиха', '16Ц20'], ['Ѕегова€', '16Ц20'], ['“естовска€', '21Ц30']]",71,1,11 мес.
1000,55.58441336677399,37.6358137799883,"[[' расный —троитель', '21Ц30'], ['ѕокровское', '21Ц30'], ['Ѕитцаот', '31']]",50,3,1 мес.
600000,55.75917472664381,37.64323633862304,"[['„истые пруды', '6Ц10'], [' итай-город', '6Ц10'], ['“ургеневска€', '11Ц15']]",60,1,11 мес.
250000,55.68620436938484,37.92397778090616,"[['Ћюберцы', '21Ц30'], ['Ќекрасовкаот', '31'], ['ѕанкиот', '31']]",97.6,1,12 мес.
320000,55.73887634,37.54673004,"[['—туденческа€до', '5'], [' утузовска€', '11Ц15'], [' иевска€', '11Ц15']]",64,1,11 мес.
220000,55.7228508,37.47587204,"[['—лав€нский бульвар', '11Ц15'], ['ћинска€', '21Ц30'], ['ѕионерска€', '21Ц30']]",80,1,11 мес.
2700,55.8723956668389,37.55746449461489,"[['—елигерска€', '11Ц15'], ['яхромска€', '11Ц15'], ['ƒегунино', '16Ц20']]",60,1,11 мес.
68000,55.7418719184081,37.80118875599952,"[[' усково', '6Ц10'], ['Ќовогиреево', '21Ц30'], ['ѕерово', '21Ц30']]",51,5,11 мес.
188200,55.846324617384354,37.37120237665178,"[['ћитино', '6Ц10'], ['¬олоколамска€', '16Ц20'], ['ѕ€тницкое шоссе', '16Ц20']]",74.9,1,11 мес.
110000,55.85497284,37.5240593,"[['ћоссельмаш', '21Ц30'], [' оптево', '21Ц30'], ['Ћихоборы', '21Ц30']]",80,1,11 мес.
220000,55.543830701462014,37.524847211474025,"[['”лица √орчакова', '6Ц10'], ['Ѕунинска€ алле€', '11Ц15'], ['Ѕульвар адмирала ”шакова', '11Ц15']]",87,1,12 мес.
140000,55.873036,37.483175,"[['’оврино', '6Ц10'], ['Ѕеломорска€', '16Ц20'], ['√рачЄвска€', '21Ц30']]",100,2,11 мес.
2900,55.77394,37.616018,"[['÷ветной бульвар', '6Ц10'], ['“рубна€', '11Ц15'], ['ƒостоевска€', '11Ц15']]",86.7,1,11 мес.
99000,55.70846,37.662084,"[['јвтозаводска€до', '5'], ['ƒубровка', '11Ц15'], ['«»Ћ', '16Ц20']]",83,,12 мес.
150000,55.65524292,37.72846985,"[['ѕерерва', '11Ц15'], ['ћарьино', '16Ц20'], ['Ѕратиславска€', '16Ц20']]",75,4,11 мес.
230000,55.635523,37.758644,"[['јлма-јтинска€', '6Ц10'], ['Ѕорисово', '11Ц15'], ['ћарьино', '21Ц30']]",100,1,11 мес.
200000,55.70830154,37.65282059,"[['јвтозаводска€до', '5'], ['«»Ћ', '16Ц20'], ['“ехнопарк', '21Ц30']]",80,2,11 мес.
300000,55.792194,37.494934,"[['ќкт€брьское поледо', '5'], ['«орге', '6Ц10'], ['ѕанфиловска€', '6Ц10']]",59,1,11 мес.
150000,55.663805936974015,37.73137265872191,"[['ѕерерва', '16Ц20'], ['Ѕратиславска€', '21Ц30'], ['ћарьино', '21Ц30']]",60,1,11 мес.
140000,55.58296204,37.62741852,"[[' расный —троитель', '16Ц20'], ['Ѕитцаот', '31'], ['јнниноот', '31']]",70,1,11 мес.
130000,55.77950287,37.7241478,"[['—емЄновска€', '6Ц10'], ['Ёлектрозаводска€', '16Ц20'], ['»змайлово', '21Ц30']]",65,1,11 мес.
300000,55.82001877,37.57649994,"[['“имир€зевска€до', '5'], ['‘онвизинска€', '11Ц15'], ['ƒмитровска€', '16Ц20']]",74,1,11 мес.
150000,55.80830383,37.76005554,"[['Ћокомотив', '11Ц15'], ['„еркизовска€', '16Ц20'], ['Ѕульвар –окоссовскогоот', '31']]",60,1,11 мес.
239999,55.845916,37.490811,"[['¬одный стадион', '11Ц15'], ['–ечной вокзал', '16Ц20'], [' оптево', '21Ц30']]",82,1,11 мес.
150000,55.803003,37.591503,"[['ƒмитровска€', '11Ц15'], ['—авЄловска€', '11Ц15'], ['Ѕутырска€', '21Ц30']]",66,3,11 мес.
120000,55.533552,37.524911,"[['Ѕунинска€ алле€', '11Ц15'], ['”лица √орчакова', '16Ц20'], ['Ѕульвар адмирала ”шакова', '21Ц30']]",57,1,11 мес.
73700,55.84489059,37.52989578,"[[' оптево', '11Ц15'], ['Ћихоборы', '16Ц20'], ['ћоссельмашот', '31']]",67,1,11 мес.
220000,55.7228508,37.47587204,"[['—лав€нский бульвар', '11Ц15'], ['ћинска€', '21Ц30'], ['ѕионерска€', '21Ц30']]",80,1,11 мес.
140000,55.87868881,37.62798309,"[['Ѕибирево', '21Ц30'], ['ќтрадноеот', '31'], ['ћедведковоот', '31']]",58.2,1,11 мес.
275000,55.83085632,37.65921021,"[['–остокино', '11Ц15'], ['¬ƒЌ’', '21Ц30'], ['Ѕотанический сад', '21Ц30']]",100,,11 мес.
150000,55.76613235,37.53195572,"[['Ўелепиха', '16Ц20'], ['Ѕегова€', '16Ц20'], ['“естовска€', '21Ц30']]",71,1,11 мес.
160000,55.640132,37.60664,"[['„ертановска€до', '5'], ['—евастопольска€', '16Ц20'], ['¬аршавска€', '21Ц30']]",71,2,11 мес.
55000,55.725539,37.802643,"[['¬ешн€ки', '6Ц10'], ['–€занский проспект', '16Ц20'], ['¬ыхино', '16Ц20']]",50,1,11 мес.
100000,55.82083893,37.73106384,"[['Ѕульвар –окоссовского', '16Ц20'], ['Ѕелокаменна€от', '31'], ['„еркизовска€от', '31']]",83,2,11 мес.
120000,55.84969711,37.50385284,"[[' оптево', '16Ц20'], ['¬одный стадион', '21Ц30'], ['–ечной вокзал', '21Ц30']]",68,1,12 мес.
100000,55.728196125101334,37.68752248692729,"[['¬олгоградский проспект', '16Ц20'], [' алитники', '16Ц20'], ['ѕролетарска€', '16Ц20']]",79,7,6 мес.
188200,55.846324617384354,37.37120237665178,"[['ћитино', '6Ц10'], ['¬олоколамска€', '16Ц20'], ['ѕ€тницкое шоссе', '16Ц20']]",74.9,1,11 мес.
600000,55.75917472664381,37.64323633862304,"[['„истые пруды', '6Ц10'], [' итай-город', '6Ц10'], ['“ургеневска€', '11Ц15']]",60,1,11 мес.
150000,55.65524292,37.72846985,"[['ѕерерва', '11Ц15'], ['ћарьино', '16Ц20'], ['Ѕратиславска€', '16Ц20']]",75,4,11 мес.
115000,55.86252,37.677589,"[['Ѕабушкинска€', '16Ц20'], ['—виблово', '21Ц30'], ['–остокиноот', '31']]",63,1,12 мес.
250000,55.85421268733107,37.62174523361252,"[['Ѕотанический сад', '16Ц20'], ['ќтрадное', '21Ц30'], ['—виблово', '21Ц30']]",82,1,12 мес.
1950,55.8588562,37.56453705,"[['¬ерхние Ћихоборыдо', '5'], ['ƒегунино', '11Ц15'], ['—елигерска€', '16Ц20']]",60,1,11 мес.
200000,55.70830154,37.65282059,"[['јвтозаводска€до', '5'], ['«»Ћ', '16Ц20'], ['“ехнопарк', '21Ц30']]",80,2,11 мес.
90000,55.884721,37.60372,"[['Ѕибиреводо', '5'], ['јлтуфьево', '21Ц30'], ['Ѕескудниковоот', '31']]",90,2,11 мес.
70000,55.60928797820178,37.78364432681083,"[[' расногвардейска€от', '31'], ['«€бликовоот', '31'], ['Ўипиловска€от', '31']]",50,1,6 мес.
230000,55.87270355,37.63324738,"[['Ѕабушкинска€', '21Ц30'], ['ќтрадное', '21Ц30'], ['—виблово', '21Ц30']]",51,1,12 мес.
300000,55.849004,37.636464,"[['Ѕотанический саддо', '5'], ['—виблово', '11Ц15'], ['–остокиноот', '31']]",67,1,11 мес.
220000,55.783038,37.508661,"[['’орошЄво', '11Ц15'], ['«орге', '11Ц15'], ['ѕолежаевска€', '11Ц15']]",67.56,3,11 мес.
300000,55.792194,37.494934,"[['ќкт€брьское поледо', '5'], ['«орге', '6Ц10'], ['ѕанфиловска€', '6Ц10']]",59,1,11 мес.
1850,55.68500996832732,37.515008434475476,"[['ѕроспект ¬ернадского', '11Ц15'], ['”ниверситет', '21Ц30'], ['–аменки', '21Ц30']]",54.4,2,12 мес.
140000,55.873036,37.483175,"[['’оврино', '6Ц10'], ['Ѕеломорска€', '16Ц20'], ['√рачЄвска€', '21Ц30']]",100,2,11 мес.
110000,55.54671097,37.48012161,"[['ѕотапово', '21Ц30'], ['Ќовомосковска€от', '31'], ['Ѕунинска€ алле€от', '31']]",69.3,1,12 мес.
180000,55.66351180508698,37.73367935847468,"[['ѕерерва', '21Ц30'], ['Ѕратиславска€', '21Ц30'], ['ћарьино', '21Ц30']]",65.6,1,11 мес.
215000,55.590241505228285,37.612810999999994,"[[' расный —троительдо', '5'], ['”лица академика янгел€', '11Ц15'], ['јннино', '16Ц20']]",94,1,11 мес.
100000,55.703545,37.736375,"[['“екстильщики', '6Ц10'], ['ѕечатники', '21Ц30'], [' узьминки', '21Ц30']]",65,2,11 мес.
2900,55.77394,37.616018,"[['÷ветной бульвар', '6Ц10'], ['“рубна€', '11Ц15'], ['ƒостоевска€', '11Ц15']]",86.7,1,11 мес.
1600,55.61627093317563,37.512847180781066,"[['“Єплый стандо', '5'], ['ясенево', '21Ц30'], ['√енерала “юленева', '21Ц30']]",100,3,1 мес.
2700,55.8723956668389,37.55746449461489,"[['—елигерска€', '11Ц15'], ['яхромска€', '11Ц15'], ['ƒегунино', '16Ц20']]",60,1,11 мес.
120000,55.681202299446426,37.437233015869126,"[['ќчаково', '16Ц20'], ['ќзЄрна€от', '31'], ['ћещерска€от', '31']]",80,1,6 мес.
142000,55.93197227327659,37.38657924075316,"[['ћолжаниново', '21Ц30'], ['Ќовоподрезковоот', '31']]",60.4,1,11 мес.
202000,55.582431,37.581424,"[['Ћесопаркова€до', '5'], ['јннино', '11Ц15'], ['”лица —тарокачаловска€', '21Ц30']]",77.9,1,11 мес.
1700000,55.752055,37.590865,"[['—моленска€', '6Ц10'], ['јрбатска€', '6Ц10'], ['Ѕоровицка€', '16Ц20']]",95,1,36 мес.
379741,55.710027,37.623843,"[['“ульска€до', '5'], ['Ўаболовска€', '21Ц30'], ['—ерпуховска€', '21Ц30']]",86,1,11 мес.
